name,email,company_id,created_at,updated_at
小田島 麻由,elBsAn_@example.org,4,1985/5/11 3:58,2018/3/5 8:36
小柴 亜紀子,IiAiIB@example.org,8,2009/7/22 3:24,1992/4/11 6:53
千野 芳子,pJiK4U@sample.net,2,1995/8/15 8:55,2013/6/22 10:52
山崎 英樹,sW6sjp9o@test.co.jp,9,1971/6/20 23:38,2011/6/9 11:52
波多野 真穂,hpxL0xEp@sample.co.jp,4,1986/8/20 12:18,1999/6/13 6:40
宇佐美 咲良,c4m8m_z@sample.net,5,2007/10/5 20:59,2015/3/12 4:44
滝本 幹夫,E9jb_2@example.org,10,1972/7/22 12:08,2020/3/25 22:32
新藤 道夫,UuFG3h@sample.jp,3,2001/7/18 2:58,2017/4/28 7:42
菅沼 咲来,aFTV1KN@example.jp,6,1970/7/18 3:50,1970/8/23 2:25
川越 美南,fLQStRC@test.com,10,2001/11/21 23:42,2013/7/20 2:28
坂内 志保,Kz7gV6vzny@test.org,1,1974/6/8 15:22,1980/2/7 6:50
豊島 和裕,dv6cMXCm@example.org,5,2006/9/23 19:16,1979/1/28 21:42
高倉 直行,hCBmeoz7@example.jp,2,2020/4/7 11:10,1991/8/19 4:27
水野 尚紀,wN7xiMwKxL@test.co.jp,7,2016/3/12 10:54,2016/8/22 9:55
小宮山 音葉,vhQTz@test.jp,8,1991/10/7 7:58,1975/1/21 1:08
細井 哲男,nrOTYDCy@example.jp,8,1990/5/8 21:54,1976/5/26 8:37
小俣 覚,K1l0Teeqe@example.jp,3,2001/7/11 18:21,2021/2/5 15:20
二見 喬,tlEzGJvQ@test.org,4,1992/12/1 14:52,2017/4/15 8:42
大野 愛梨,Fi3Yd5gELn@example.com,2,1988/4/2 14:27,1995/1/30 17:26
北林 一美,Dv4kBr@example.co.jp,9,1976/2/13 3:14,2016/8/13 9:10
須藤 由香里,Itf8BY6D@example.org,3,1983/10/1 11:36,2018/4/21 20:36
相川 三雄,GGPVeKCN@sample.co.jp,8,2011/2/8 22:46,1999/3/3 19:42
吉本 梨沙,NAJUvw@example.com,2,1994/5/25 1:59,2005/4/20 5:43
富永 敏宏,Xfbvwb2awO@sample.co.jp,4,2023/2/17 1:20,1980/2/18 4:30
大岩 美菜,tONHi@sample.com,7,2002/5/6 12:51,2007/12/23 0:10
浜野 武司,myLJNh7ERK@test.jp,7,1970/4/8 1:30,2008/9/24 17:18
奥山 瑠奈,LvC7x@test.co.jp,1,2008/2/20 2:51,2022/10/11 14:57
杉浦 香凛,OyFI9GUj@test.co.jp,7,1984/8/15 7:04,1985/2/21 7:53
植野 夏海,I50pzcBm@sample.net,4,1977/5/7 8:18,1978/4/4 19:30
河村 美沙,T8f6siKkr@test.com,5,1981/8/21 16:36,2013/7/29 4:19
尾上 愛里,XDblWpV@test.org,7,1975/2/4 7:28,2010/7/29 8:25
大道 直行,k5wxw21@example.net,2,2022/11/18 20:46,1999/3/4 20:39
猪野 乃愛,o4ToGZ6diD@sample.org,2,1971/10/30 7:00,1981/12/21 20:17
櫻井 沙和,QCKMWQ7j@test.co.jp,10,1990/8/13 16:01,2016/7/25 13:00
池田 敏子,eScd08F@test.com,8,1986/3/26 9:21,1994/11/2 1:28
久田 乃亜,JGddAc1@example.jp,6,1988/8/5 2:10,2019/2/5 4:24
石橋 貞,RuL73ab@sample.co.jp,9,2012/4/6 23:05,1984/4/3 18:48
中野 章平,BeAGLZ6B@test.net,8,1972/4/5 12:11,1991/3/27 3:36
臼田 理子,owqEG@example.co.jp,4,1983/12/24 9:17,1997/7/13 17:56
平島 葵衣,GRDj4@example.co.jp,9,2016/1/6 21:45,2018/7/13 4:28
宮城 裕司,CT9qEZH@test.com,7,2004/1/19 11:28,2017/2/14 4:41
阪田 喜代,AE8CiKwGd@sample.net,4,1992/9/14 9:38,1979/10/7 7:49
永山 朋香,dxnNz@sample.com,7,2009/5/7 7:38,1996/8/1 1:11
神谷 治虫,gyvtgkiL9g@test.com,8,1996/1/28 21:25,1994/11/21 20:36
設楽 彰三,J8yCnDHY@example.org,3,1991/1/6 18:08,2014/2/19 10:15
長内 雅也,UrToY@sample.com,10,2004/3/13 21:03,2019/2/7 23:30
常盤 千紘,YcIJfEM5@sample.jp,5,1995/8/19 21:36,2003/6/11 10:42
徳永 楓華,TLDu_@example.net,6,1992/4/27 21:36,2009/7/8 20:27
都築 小梅,YF9tujvEFT@example.net,1,1990/6/3 17:51,1973/4/11 21:29
永沢 麻衣,Q0L08VEL@example.net,8,2015/6/12 2:14,1987/10/20 2:59
別府 里穂,Bj1Rp_T@example.org,2,2013/11/15 11:40,2022/7/9 2:36
三角 陽菜子,mnMtQtss_j@test.com,1,1993/8/31 8:21,2014/8/26 16:27
涌井 千恵,oJKNdn3@test.org,3,1974/11/28 12:15,1983/5/25 9:40
宮地 留吉,QhINtvR7@test.net,9,2014/6/28 11:46,2003/3/25 4:42
葛西 愛菜,eIv2p1gLWU@example.com,6,1983/10/16 15:42,1982/10/5 15:31
小野寺 栄次郎,GuM8fKq@example.co.jp,9,2000/12/10 19:20,1985/2/3 18:31
小関 璃奈,hMPkf@sample.jp,8,1993/5/25 21:57,2021/1/20 12:24
宮越 政吉,dbLcq@sample.com,1,1983/2/13 21:39,2011/10/15 18:07
濱田 朋香,qtpy6LW4@example.org,2,2000/12/11 17:06,1991/12/26 16:27
秋本 和明,blynTe6W5O@example.org,5,1984/11/15 14:44,1997/12/10 15:18
益田 政男,KA0gqC@sample.com,1,1983/6/29 18:30,2002/7/22 15:24
野呂 愛華,dxDmufF2@sample.org,7,2007/10/13 9:09,1993/9/1 14:40
小竹 優香,LBLFv@example.org,9,2018/7/25 7:31,2016/10/13 0:55
福岡 比呂美,tfUIV@sample.jp,5,2007/6/26 2:06,2000/7/28 15:27
風間 真奈美,AAYaxlCt1@example.org,9,1991/7/21 5:00,2019/2/7 19:54
山岸 亜弓,jadjsBWy@test.org,9,1991/2/9 10:50,2022/5/9 21:29
山西 洋一郎,WwbSSDn5n5@example.net,4,2000/9/3 15:23,1996/10/12 13:01
柳 樹,tXjfFhucm@example.org,2,1972/9/9 4:41,1995/11/30 3:14
峯 日菜子,YRbfv6Xn@test.com,9,1977/12/24 7:36,1970/2/27 11:13
米谷 隆二,FPWEzH@test.jp,6,1995/3/9 9:31,2008/4/20 9:00
門田 葉菜,gTSUSXyuY@example.org,7,2015/5/8 20:21,1986/12/14 7:15
八島 勝一,nqidi3px@sample.net,6,2018/1/18 13:38,2021/9/1 1:40
大脇 弘子,Pk26Yb4io@sample.org,7,2019/8/17 22:36,1993/6/17 22:24
草野 幸子,oWoRxpl@sample.co.jp,10,1997/10/7 17:29,2008/9/27 23:42
早野 清佳,elyPh79@example.jp,1,1983/10/10 11:42,1997/10/14 1:51
西沢 正利,yA88m@example.com,10,1971/4/25 10:00,1984/10/23 18:48
茂木 愛梨,jIaNIk@test.com,8,1979/5/16 19:25,1994/3/20 19:41
竹下 百香,CxJDTz@sample.com,4,2013/9/4 6:45,2014/10/10 3:13
新城 雅雄,BXi0OYph@sample.jp,5,2010/2/7 18:59,2001/12/5 3:19
阪口 蘭,iwYk_Fbp6@test.org,8,2008/8/25 2:05,1974/9/9 20:55
河西 正和,E0kZ3@sample.org,3,1986/5/3 1:22,2010/5/8 14:52
一色 光,lMlRDdpZs@sample.com,1,2022/2/9 19:40,2002/8/8 14:36
二見 敏雄,ElEbHe6h@test.com,6,2008/7/28 2:50,1998/7/4 1:35
国井 愛菜,qqR59s3Cww@example.co.jp,7,1998/12/24 6:25,2007/6/13 2:46
大矢 実希子,dbLs_7@test.co.jp,7,1987/7/10 15:13,1974/4/5 4:39
磯田 純一,GbVMaKpH@test.com,2,2018/3/9 1:23,2008/11/21 13:23
三木 翔,i2pXvyn33o@test.org,1,2019/2/19 0:03,1974/3/20 9:34
大山 裕司,Wvgn4NtNaO@test.co.jp,3,2008/12/1 9:33,1980/4/7 5:50
深谷 智恵理,sAPnOkifP@test.com,10,2021/5/23 3:55,1994/9/22 10:51
神戸 義美,IMHKfLgr6@sample.co.jp,5,2014/9/7 10:22,1997/11/5 3:51
平 充,ukBA1@example.jp,8,2006/4/4 8:55,1982/1/22 14:21
江口 隆夫,dEL1fnHo@test.co.jp,4,2019/9/9 3:31,2022/10/2 23:22
土屋 唯衣,u2PUiP@example.co.jp,2,1974/2/4 19:29,1995/2/22 19:35
西島 千尋,JYAxyK@sample.com,1,2007/5/12 19:18,1982/12/22 18:25
杉山 和花,VKYzWFwBY@test.net,1,1972/9/7 18:14,2015/3/15 9:02
荒木 奈緒美,UkEzCf@test.com,4,2018/12/18 19:28,2022/12/29 3:48
赤川 怜子,bNPVQc@test.com,7,1973/2/8 17:21,1983/11/25 17:38
塩川 宗男,e7hFucSvr@sample.co.jp,3,1987/1/6 7:04,1991/7/20 8:03
水上 美佳,EVmsFLrXw@test.co.jp,5,1992/6/8 19:59,1991/1/26 20:27
市原 正明,TRbtrx8Tw@sample.co.jp,4,1986/7/6 19:24,1999/11/19 11:05
